Workbook
Name TOKENDB_0802_STATS_ALL_200810301700: 'tokendb-0802-all-min0chars'!$B$2:$G$29
Name TOKENDB_0802_STATS_MIN300CHARS_ALL_200810301659: 'tokendb-0802-all-min300chars'!$B$2:$G$29
Name TOKENDB_STATS_ALL_200810301152: 'diff-0808-0802-min0chars'!$B$2:$G$32
Name TOKENDB_STATS_ALL_200810301152: 'diff-0808-0802-min300chars'!$B$2:$G$32
Name TOKENDB_STATS_ALL_200810301152: 'tokendb-0808-all-min0chars'!$B$2:$G$32
Name TOKENDB_STATS_MIN300CHARS_ALL_200810301152: 'tokendb-0808-all-min300chars'!$B$2:$G$32

Sheet tokendb-0808-all-min0chars
B1: NCSE | C1: version Aug 2008 - no minimum article size
B2: PUBL | C2: TOTAL | D2: TOTAL | E2: TOTAL | F2: TOTAL | G2: TOTAL
C3: ISSUES | D3: ARTICLES | E3: LINES | F3: TOKENS | G3: CHARS
B4: EWJ | C4: 78 | D4: 7964 | E4: 233935 | F4: 3600621 | G4: 17609392
B5: LDR | C5: 543 | D5: 89521 | E5: 3690679 | F5: 39229019 | G5: 190900101
B6: MRP | C6: 409 | D6: 48653 | E6: 2377183 | F6: 20700979 | G6: 98728458
B7: NSS | C7: 780 | D7: 81794 | E7: 7243191 | F7: 73736454 | G7: 351172086
B8: TEC | C8: 264 | D8: 55724 | E8: 1317815 | F8: 27731515 | G8: 100630978
B9: TTW | C9: 174 | D9: 12647 | E9: 134071 | F9: 2540402 | G9: 10752484
B10: FEWJ | C10: 13 | D10: 97 | E10: 1231 | F10: 13712 | G10: 51684
B11: FLDR | C11: 2 | D11: 26 | E11: 4880 | F11: 37019 | G11: 161944
B12: CLD | C12: 461 | D12: 72505 | E12: 3091440 | F12: 32806848 | G12: 159769273
B13: EMRP | C13: 27 | D13: 1511 | E13: 56074 | F13: 411133 | G13: 1566272
B14: FMRP | C14: 31 | D14: 293 | E14: 3437 | F14: 26270 | G14: 108771
B15: SMRP | C15: 24 | D15: 838 | E15: 32656 | F15: 319813 | G15: 1442746
... B32: SXLDR | C32: 1 | D32: 14 | E32: 648 | F32: 8210 | G32: 40930
B34: TOTAL | C34: =SUM(C4:C32) -> 4283 | D34: =SUM(D4:D32) -> 523525 | E34: =SUM(E4:E32) -> 31616516 | F34: =SUM(F4:F32) -> 340577947 | G34: =SUM(G4:G32) -> 1595192699

Sheet tokendb-0808-all-min300chars
B1: NCSE | C1: version Aug 2008 - minimum article size 300 chars
B2: PUBL | C2: TOTAL | D2: TOTAL | E2: TOTAL | F2: TOTAL | G2: TOTAL
C3: ISSUES | D3: ARTICLES | E3: LINES | F3: TOKENS | G3: CHARS
B4: EWJ | C4: 78 | D4: 1359 | E4: 225973 | F4: 3554376 | G4: 17396077
B5: LDR | C5: 543 | D5: 57087 | E5: 3609045 | F5: 38422043 | G5: 187852977
B6: MRP | C6: 409 | D6: 13609 | E6: 2331770 | F6: 20326616 | G6: 97227834
B7: NSS | C7: 780 | D7: 56254 | E7: 7188224 | F7: 73243857 | G7: 349420514
B8: TEC | C8: 264 | D8: 25293 | E8: 1231508 | F8: 26700282 | G8: 97120903
B9: TTW | C9: 174 | D9: 5201 | E9: 120112 | F9: 2411361 | G9: 10242476
B10: FEWJ | C10: 13 | D10: 27 | E10: 941 | F10: 12008 | G10: 45485
B11: FLDR | C11: 2 | D11: 11 | E11: 4844 | F11: 36748 | G11: 161209
B12: CLD | C12: 461 | D12: 46827 | E12: 3026790 | F12: 32155473 | G12: 157342024
B13: EMRP | C13: 27 | D13: 671 | E13: 53701 | F13: 396844 | G13: 1521681
B14: FMRP | C14: 31 | D14: 47 | E14: 2649 | F14: 22273 | G14: 94726
B15: SMRP | C15: 24 | D15: 195 | E15: 31592 | F15: 314346 | G15: 1422256
... B32: SXLDR | C32: 1 | D32: 7 | E32: 637 | F32: 8087 | G32: 40498
B34: TOTAL | C34: =SUM(C4:C32) -> 4283 | D34: =SUM(D4:D32) -> 306537 | E34: =SUM(E4:E32) -> 31147298 | F34: =SUM(F4:F32) -> 336054744 | G34: =SUM(G4:G32) -> 1578683988

Sheet tokendb-0802-all-min0chars
B1: NCSE | C1: version Feb 2008 - no minimum article size
B2: PUBL | C2: TOTAL | D2: TOTAL | E2: TOTAL | F2: TOTAL | G2: TOTAL
C3: ISSUES | D3: ARTICLES | E3: LINES | F3: TOKENS | G3: CHARS
B4: EWJ | C4: 78 | D4: 7964 | E4: 233935 | F4: 3600621 | G4: 17609392
B5: LDR | C5: 538 | D5: 88504 | E5: 3651933 | F5: 38821271 | G5: 188917852
B6: MRP | C6: 408 | D6: 48511 | E6: 2368624 | F6: 20637932 | G6: 98424806
B7: NSS | C7: 773 | D7: 81040 | E7: 7174949 | F7: 73067351 | G7: 347879847
B8: TEC | C8: 264 | D8: 55487 | E8: 1329781 | F8: 28125383 | G8: 101863260
B9: TTW | C9: 173 | D9: 12609 | E9: 135845 | F9: 2572900 | G9: 10859382
B10: FEWJ | C10: 13 | D10: 97 | E10: 1231 | F10: 13712 | G10: 51684
B11: FLDR | C11: 2 | D11: 26 | E11: 4882 | F11: 37021 | G11: 161950
B12: CLD | C12: 447 | D12: 70639 | E12: 2997991 | F12: 31747425 | G12: 154595094
B13: EMRP | C13: 27 | D13: 1519 | E13: 54703 | F13: 423226 | G13: 1599021
B14: FMRP | C14: 29 | D14: 274 | E14: 3392 | F14: 27177 | G14: 111689
B15: SMRP | C15: 13 | D15: 618 | E15: 25085 | F15: 234984 | G15: 1063085
... B29: FTTW | C29: 6 | D29: 50 | E29: 342 | F29: 6528 | G29: 23898
B31: TOTAL | C31: =SUM(C1:C29) -> 3449 | D31: =SUM(D1:D29) -> 432454 | E31: =SUM(E1:E29) -> 24138675 | F31: =SUM(F1:F29) -> 266144822 | G31: =SUM(G1:G29) -> 1231980849

Sheet tokendb-0802-all-min300chars
B1: NCSE | C1: version Feb 2008 - minimum article size 300 chars
B2: PUBL | C2: TOTAL | D2: TOTAL | E2: TOTAL | F2: TOTAL | G2: TOTAL
C3: ISSUES | D3: ARTICLES | E3: LINES | F3: TOKENS | G3: CHARS
B4: EWJ | C4: 78 | D4: 1359 | E4: 225973 | F4: 3554376 | G4: 17396077
B5: LDR | C5: 538 | D5: 56447 | E5: 3571369 | F5: 38024727 | G5: 185910304
B6: MRP | C6: 408 | D6: 13547 | E6: 2323346 | F6: 20264713 | G6: 96928436
B7: NSS | C7: 773 | D7: 55739 | E7: 7120377 | F7: 72577484 | G7: 346140730
B8: TEC | C8: 264 | D8: 25312 | E8: 1243200 | F8: 27094736 | G8: 98351007
B9: TTW | C9: 173 | D9: 5342 | E9: 121603 | F9: 2441202 | G9: 10340176
B10: FEWJ | C10: 13 | D10: 27 | E10: 941 | F10: 12008 | G10: 45485
B11: FLDR | C11: 2 | D11: 11 | E11: 4844 | F11: 36748 | G11: 161209
B12: CLD | C12: 447 | D12: 45657 | E12: 2934351 | F12: 31104315 | G12: 152203201
B13: EMRP | C13: 27 | D13: 679 | E13: 52429 | F13: 409352 | G13: 1555739
B14: FMRP | C14: 29 | D14: 45 | E14: 2732 | F14: 23593 | G14: 99107
B15: SMRP | C15: 13 | D15: 140 | E15: 24273 | F15: 230437 | G15: 1045935
... B29: FTTW | C29: 6 | D29: 8 | E29: 291 | F29: 6192 | G29: 22890
B31: TOTAL | C31: =SUM(C1:C29) -> 3449 | D31: =SUM(D1:D29) -> 247866 | E31: =SUM(E1:E29) -> 23742577 | F31: =SUM(F1:F29) -> 262254300 | G31: =SUM(G1:G29) -> 1217753779

Sheet diff-0808-0802-min0chars
B1: NCSE | C1: diff Aug 2008 - Feb 2008 - no minimum article size
B2: PUBL | C2: DIFF | D2: DIFF | E2: DIFF | F2: DIFF | G2: DIFF
C3: ISSUES | D3: ARTICLES | E3: LINES | F3: TOKENS | G3: CHARS
B4: EWJ | C4: ='tokendb-0808-all-min0chars'!C4-'tokendb-0802-all-min0chars'!C4 -> 0 | D4: ='tokendb-0808-all-min0chars'!D4-'tokendb-0802-all-min0chars'!D4 -> 0 | E4: ='tokendb-0808-all-min0chars'!E4-'tokendb-0802-all-min0chars'!E4 -> 0 | F4: ='tokendb-0808-all-min0chars'!F4-'tokendb-0802-all-min0chars'!F4 -> 0 | G4: ='tokendb-0808-all-min0chars'!G4-'tokendb-0802-all-min0chars'!G4 -> 0
B5: LDR | C5: ='tokendb-0808-all-min0chars'!C5-'tokendb-0802-all-min0chars'!C5 -> 5 | D5: ='tokendb-0808-all-min0chars'!D5-'tokendb-0802-all-min0chars'!D5 -> 1017 | E5: ='tokendb-0808-all-min0chars'!E5-'tokendb-0802-all-min0chars'!E5 -> 38746 | F5: ='tokendb-0808-all-min0chars'!F5-'tokendb-0802-all-min0chars'!F5 -> 407748 | G5: ='tokendb-0808-all-min0chars'!G5-'tokendb-0802-all-min0chars'!G5 -> 1982249
B6: MRP | C6: ='tokendb-0808-all-min0chars'!C6-'tokendb-0802-all-min0chars'!C6 -> 1 | D6: ='tokendb-0808-all-min0chars'!D6-'tokendb-0802-all-min0chars'!D6 -> 142 | E6: ='tokendb-0808-all-min0chars'!E6-'tokendb-0802-all-min0chars'!E6 -> 8559 | F6: ='tokendb-0808-all-min0chars'!F6-'tokendb-0802-all-min0chars'!F6 -> 63047 | G6: ='tokendb-0808-all-min0chars'!G6-'tokendb-0802-all-min0chars'!G6 -> 303652
B7: NSS | C7: ='tokendb-0808-all-min0chars'!C7-'tokendb-0802-all-min0chars'!C7 -> 7 | D7: ='tokendb-0808-all-min0chars'!D7-'tokendb-0802-all-min0chars'!D7 -> 754 | E7: ='tokendb-0808-all-min0chars'!E7-'tokendb-0802-all-min0chars'!E7 -> 68242 | F7: ='tokendb-0808-all-min0chars'!F7-'tokendb-0802-all-min0chars'!F7 -> 669103 | G7: ='tokendb-0808-all-min0chars'!G7-'tokendb-0802-all-min0chars'!G7 -> 3292239
B8: TEC | C8: ='tokendb-0808-all-min0chars'!C8-'tokendb-0802-all-min0chars'!C8 -> 0 | D8: ='tokendb-0808-all-min0chars'!D8-'tokendb-0802-all-min0chars'!D8 -> 237 | E8: ='tokendb-0808-all-min0chars'!E8-'tokendb-0802-all-min0chars'!E8 -> -11966 | F8: ='tokendb-0808-all-min0chars'!F8-'tokendb-0802-all-min0chars'!F8 -> -393868 | G8: ='tokendb-0808-all-min0chars'!G8-'tokendb-0802-all-min0chars'!G8 -> -1232282
B9: TTW | C9: ='tokendb-0808-all-min0chars'!C9-'tokendb-0802-all-min0chars'!C9 -> 1 | D9: ='tokendb-0808-all-min0chars'!D9-'tokendb-0802-all-min0chars'!D9 -> 38 | E9: ='tokendb-0808-all-min0chars'!E9-'tokendb-0802-all-min0chars'!E9 -> -1774 | F9: ='tokendb-0808-all-min0chars'!F9-'tokendb-0802-all-min0chars'!F9 -> -32498 | G9: ='tokendb-0808-all-min0chars'!G9-'tokendb-0802-all-min0chars'!G9 -> -106898
B10: FEWJ | C10: ='tokendb-0808-all-min0chars'!C10-'tokendb-0802-all-min0chars'!C10 -> 0 | D10: ='tokendb-0808-all-min0chars'!D10-'tokendb-0802-all-min0chars'!D10 -> 0 | E10: ='tokendb-0808-all-min0chars'!E10-'tokendb-0802-all-min0chars'!E10 -> 0 | F10: ='tokendb-0808-all-min0chars'!F10-'tokendb-0802-all-min0chars'!F10 -> 0 | G10: ='tokendb-0808-all-min0chars'!G10-'tokendb-0802-all-min0chars'!G10 -> 0
B11: FLDR | C11: ='tokendb-0808-all-min0chars'!C11-'tokendb-0802-all-min0chars'!C11 -> 0 | D11: ='tokendb-0808-all-min0chars'!D11-'tokendb-0802-all-min0chars'!D11 -> 0 | E11: ='tokendb-0808-all-min0chars'!E11-'tokendb-0802-all-min0chars'!E11 -> -2 | F11: ='tokendb-0808-all-min0chars'!F11-'tokendb-0802-all-min0chars'!F11 -> -2 | G11: ='tokendb-0808-all-min0chars'!G11-'tokendb-0802-all-min0chars'!G11 -> -6
B12: CLD | C12: ='tokendb-0808-all-min0chars'!C12-'tokendb-0802-all-min0chars'!C12 -> 14 | D12: ='tokendb-0808-all-min0chars'!D12-'tokendb-0802-all-min0chars'!D12 -> 1866 | E12: ='tokendb-0808-all-min0chars'!E12-'tokendb-0802-all-min0chars'!E12 -> 93449 | F12: ='tokendb-0808-all-min0chars'!F12-'tokendb-0802-all-min0chars'!F12 -> 1059423 | G12: ='tokendb-0808-all-min0chars'!G12-'tokendb-0802-all-min0chars'!G12 -> 5174179
B13: EMRP | C13: ='tokendb-0808-all-min0chars'!C13-'tokendb-0802-all-min0chars'!C13 -> 0 | D13: ='tokendb-0808-all-min0chars'!D13-'tokendb-0802-all-min0chars'!D13 -> -8 | E13: ='tokendb-0808-all-min0chars'!E13-'tokendb-0802-all-min0chars'!E13 -> 1371 | F13: ='tokendb-0808-all-min0chars'!F13-'tokendb-0802-all-min0chars'!F13 -> -12093 | G13: ='tokendb-0808-all-min0chars'!G13-'tokendb-0802-all-min0chars'!G13 -> -32749
B14: FMRP | C14: ='tokendb-0808-all-min0chars'!C14-'tokendb-0802-all-min0chars'!C14 -> 2 | D14: ='tokendb-0808-all-min0chars'!D14-'tokendb-0802-all-min0chars'!D14 -> 19 | E14: ='tokendb-0808-all-min0chars'!E14-'tokendb-0802-all-min0chars'!E14 -> 45 | F14: ='tokendb-0808-all-min0chars'!F14-'tokendb-0802-all-min0chars'!F14 -> -907 | G14: ='tokendb-0808-all-min0chars'!G14-'tokendb-0802-all-min0chars'!G14 -> -2918
B15: SMRP | C15: ='tokendb-0808-all-min0chars'!C15-'tokendb-0802-all-min0chars'!C15 -> 11 | D15: ='tokendb-0808-all-min0chars'!D15-'tokendb-0802-all-min0chars'!D15 -> 220 | E15: ='tokendb-0808-all-min0chars'!E15-'tokendb-0802-all-min0chars'!E15 -> 7571 | F15: ='tokendb-0808-all-min0chars'!F15-'tokendb-0802-all-min0chars'!F15 -> 84829 | G15: ='tokendb-0808-all-min0chars'!G15-'tokendb-0802-all-min0chars'!G15 -> 379661
... B29: FTTW | C29: ='tokendb-0808-all-min0chars'!C29-'tokendb-0802-all-min0chars'!C29 -> 0 | D29: ='tokendb-0808-all-min0chars'!D29-'tokendb-0802-all-min0chars'!D29 -> 1 | E29: ='tokendb-0808-all-min0chars'!E29-'tokendb-0802-all-min0chars'!E29 -> -7 | F29: ='tokendb-0808-all-min0chars'!F29-'tokendb-0802-all-min0chars'!F29 -> 55 | G29: ='tokendb-0808-all-min0chars'!G29-'tokendb-0802-all-min0chars'!G29 -> -6
B30: SCLD | C30: 2 | D30: 55 | E30: 5033 | F30: 59107 | G30: 259613
B31: SLDR | C31: 4 | D31: 434 | E31: 17746 | F31: 189840 | G31: 854624
B32: SXLDR | C32: 1 | D32: 14 | E32: 648 | F32: 8210 | G32: 40930
B34: TOTAL | C34: =SUM(C4:C32) -> 834 | D34: =SUM(D4:D32) -> 91071 | E34: =SUM(E4:E32) -> 7477841 | F34: =SUM(F4:F32) -> 74433125 | G34: =SUM(G4:G32) -> 363211850

Sheet diff-0808-0802-min300chars
B1: NCSE | C1: diff Aug 2008 - Feb 2008 - min art size 300 chars
B2: PUBL | C2: DIFF | D2: DIFF | E2: DIFF | F2: DIFF | G2: DIFF
C3: ISSUES | D3: ARTICLES | E3: LINES | F3: TOKENS | G3: CHARS
B4: EWJ | C4: ='tokendb-0808-all-min300chars'!C4-'tokendb-0802-all-min300chars'!C4 -> 0 | D4: ='tokendb-0808-all-min300chars'!D4-'tokendb-0802-all-min300chars'!D4 -> 0 | E4: ='tokendb-0808-all-min300chars'!E4-'tokendb-0802-all-min300chars'!E4 -> 0 | F4: ='tokendb-0808-all-min300chars'!F4-'tokendb-0802-all-min300chars'!F4 -> 0 | G4: ='tokendb-0808-all-min300chars'!G4-'tokendb-0802-all-min300chars'!G4 -> 0
B5: LDR | C5: ='tokendb-0808-all-min300chars'!C5-'tokendb-0802-all-min300chars'!C5 -> 5 | D5: ='tokendb-0808-all-min300chars'!D5-'tokendb-0802-all-min300chars'!D5 -> 640 | E5: ='tokendb-0808-all-min300chars'!E5-'tokendb-0802-all-min300chars'!E5 -> 37676 | F5: ='tokendb-0808-all-min300chars'!F5-'tokendb-0802-all-min300chars'!F5 -> 397316 | G5: ='tokendb-0808-all-min300chars'!G5-'tokendb-0802-all-min300chars'!G5 -> 1942673
B6: MRP | C6: ='tokendb-0808-all-min300chars'!C6-'tokendb-0802-all-min300chars'!C6 -> 1 | D6: ='tokendb-0808-all-min300chars'!D6-'tokendb-0802-all-min300chars'!D6 -> 62 | E6: ='tokendb-0808-all-min300chars'!E6-'tokendb-0802-all-min300chars'!E6 -> 8424 | F6: ='tokendb-0808-all-min300chars'!F6-'tokendb-0802-all-min300chars'!F6 -> 61903 | G6: ='tokendb-0808-all-min300chars'!G6-'tokendb-0802-all-min300chars'!G6 -> 299398
B7: NSS | C7: ='tokendb-0808-all-min300chars'!C7-'tokendb-0802-all-min300chars'!C7 -> 7 | D7: ='tokendb-0808-all-min300chars'!D7-'tokendb-0802-all-min300chars'!D7 -> 515 | E7: ='tokendb-0808-all-min300chars'!E7-'tokendb-0802-all-min300chars'!E7 -> 67847 | F7: ='tokendb-0808-all-min300chars'!F7-'tokendb-0802-all-min300chars'!F7 -> 666373 | G7: ='tokendb-0808-all-min300chars'!G7-'tokendb-0802-all-min300chars'!G7 -> 3279784
B8: TEC | C8: ='tokendb-0808-all-min300chars'!C8-'tokendb-0802-all-min300chars'!C8 -> 0 | D8: ='tokendb-0808-all-min300chars'!D8-'tokendb-0802-all-min300chars'!D8 -> -19 | E8: ='tokendb-0808-all-min300chars'!E8-'tokendb-0802-all-min300chars'!E8 -> -11692 | F8: ='tokendb-0808-all-min300chars'!F8-'tokendb-0802-all-min300chars'!F8 -> -394454 | G8: ='tokendb-0808-all-min300chars'!G8-'tokendb-0802-all-min300chars'!G8 -> -1230104
B9: TTW | C9: ='tokendb-0808-all-min300chars'!C9-'tokendb-0802-all-min300chars'!C9 -> 1 | D9: ='tokendb-0808-all-min300chars'!D9-'tokendb-0802-all-min300chars'!D9 -> -141 | E9: ='tokendb-0808-all-min300chars'!E9-'tokendb-0802-all-min300chars'!E9 -> -1491 | F9: ='tokendb-0808-all-min300chars'!F9-'tokendb-0802-all-min300chars'!F9 -> -29841 | G9: ='tokendb-0808-all-min300chars'!G9-'tokendb-0802-all-min300chars'!G9 -> -97700
B10: FEWJ | C10: ='tokendb-0808-all-min300chars'!C10-'tokendb-0802-all-min300chars'!C10 -> 0 | D10: ='tokendb-0808-all-min300chars'!D10-'tokendb-0802-all-min300chars'!D10 -> 0 | E10: ='tokendb-0808-all-min300chars'!E10-'tokendb-0802-all-min300chars'!E10 -> 0 | F10: ='tokendb-0808-all-min300chars'!F10-'tokendb-0802-all-min300chars'!F10 -> 0 | G10: ='tokendb-0808-all-min300chars'!G10-'tokendb-0802-all-min300chars'!G10 -> 0
B11: FLDR | C11: ='tokendb-0808-all-min300chars'!C11-'tokendb-0802-all-min300chars'!C11 -> 0 | D11: ='tokendb-0808-all-min300chars'!D11-'tokendb-0802-all-min300chars'!D11 -> 0 | E11: ='tokendb-0808-all-min300chars'!E11-'tokendb-0802-all-min300chars'!E11 -> 0 | F11: ='tokendb-0808-all-min300chars'!F11-'tokendb-0802-all-min300chars'!F11 -> 0 | G11: ='tokendb-0808-all-min300chars'!G11-'tokendb-0802-all-min300chars'!G11 -> 0
B12: CLD | C12: ='tokendb-0808-all-min300chars'!C12-'tokendb-0802-all-min300chars'!C12 -> 14 | D12: ='tokendb-0808-all-min300chars'!D12-'tokendb-0802-all-min300chars'!D12 -> 1170 | E12: ='tokendb-0808-all-min300chars'!E12-'tokendb-0802-all-min300chars'!E12 -> 92439 | F12: ='tokendb-0808-all-min300chars'!F12-'tokendb-0802-all-min300chars'!F12 -> 1051158 | G12: ='tokendb-0808-all-min300chars'!G12-'tokendb-0802-all-min300chars'!G12 -> 5138823
B13: EMRP | C13: ='tokendb-0808-all-min300chars'!C13-'tokendb-0802-all-min300chars'!C13 -> 0 | D13: ='tokendb-0808-all-min300chars'!D13-'tokendb-0802-all-min300chars'!D13 -> -8 | E13: ='tokendb-0808-all-min300chars'!E13-'tokendb-0802-all-min300chars'!E13 -> 1272 | F13: ='tokendb-0808-all-min300chars'!F13-'tokendb-0802-all-min300chars'!F13 -> -12508 | G13: ='tokendb-0808-all-min300chars'!G13-'tokendb-0802-all-min300chars'!G13 -> -34058
B14: FMRP | C14: ='tokendb-0808-all-min300chars'!C14-'tokendb-0802-all-min300chars'!C14 -> 2 | D14: ='tokendb-0808-all-min300chars'!D14-'tokendb-0802-all-min300chars'!D14 -> 2 | E14: ='tokendb-0808-all-min300chars'!E14-'tokendb-0802-all-min300chars'!E14 -> -83 | F14: ='tokendb-0808-all-min300chars'!F14-'tokendb-0802-all-min300chars'!F14 -> -1320 | G14: ='tokendb-0808-all-min300chars'!G14-'tokendb-0802-all-min300chars'!G14 -> -4381
B15: SMRP | C15: ='tokendb-0808-all-min300chars'!C15-'tokendb-0802-all-min300chars'!C15 -> 11 | D15: ='tokendb-0808-all-min300chars'!D15-'tokendb-0802-all-min300chars'!D15 -> 55 | E15: ='tokendb-0808-all-min300chars'!E15-'tokendb-0802-all-min300chars'!E15 -> 7319 | F15: ='tokendb-0808-all-min300chars'!F15-'tokendb-0802-all-min300chars'!F15 -> 83909 | G15: ='tokendb-0808-all-min300chars'!G15-'tokendb-0802-all-min300chars'!G15 -> 376321
... B29: FTTW | C29: ='tokendb-0808-all-min300chars'!C29-'tokendb-0802-all-min300chars'!C29 -> 0 | D29: ='tokendb-0808-all-min300chars'!D29-'tokendb-0802-all-min300chars'!D29 -> 1 | E29: ='tokendb-0808-all-min300chars'!E29-'tokendb-0802-all-min300chars'!E29 -> -7 | F29: ='tokendb-0808-all-min300chars'!F29-'tokendb-0802-all-min300chars'!F29 -> 54 | G29: ='tokendb-0808-all-min300chars'!G29-'tokendb-0802-all-min300chars'!G29 -> -7
B30: SCLD | C30: 2 | D30: 26 | E30: 4978 | F30: 58482 | G30: 257631
B31: SLDR | C31: 4 | D31: 281 | E31: 17223 | F31: 184726 | G31: 838470
B32: SXLDR | C32: 1 | D32: 7 | E32: 637 | F32: 8087 | G32: 40498
B34: TOTAL | C34: =SUM(C4:C32) -> 834 | D34: =SUM(D4:D32) -> 58671 | E34: =SUM(E4:E32) -> 7404721 | F34: =SUM(F4:F32) -> 73800444 | G34: =SUM(G4:G32) -> 360930209
